model,rmse,mae,mape
Seasonal add 4464,3147.157926150794,2487.1051913148194,16.069786645549065
Seasonal mul 4464,3104.9782530277366,2414.15541594431,15.391711322154089
Seasonal 12,316.3521300508613,230.8847415488588,414.9071499213221
Seasonal 24,944.148515446796,658.4215566405525,136.58732787602602
Seasonal 744,33.767595548612626,23.18563503864901,115.72262604202604
Seasonal 4464,377.3781522829509,290.5966820629543,73.46777863058178
