model,rmse,mae,mape
Seasonal mul 52,5.5291919693290525,4.908715808026615,1.174562760273855
Seasonal mul 104,5.15838806683473,3.4277629538969334,1.0081937183480303
Seasonal add 52,5.390065897207546,4.762221429085036,1.1391618919828188
Seasonal add 104,4.240255553385689,3.4277629538969334,0.8176938493225915
Seasonal 52,0.3128901078941132,0.2437399378522911,33.12452345812634
Seasonal 104,0.0261004878272867,0.0184829439576189,71.83348729040013
